<annotation>
	<folder>images</folder>
	<filename>IMG_2315.JPG</filename>
	<path>/Users/kylewilfinger/Desktop/Dog Detect/images/IMG_2315.JPG</path>
	<source>
		<database>Unknown</database>
	</source>
	<size>
		<width>4032</width>
		<height>3024</height>
		<depth>3</depth>
	</size>
	<segmented>0</segmented>
	<object>
		<name>Abby</name>
		<pose>Unspecified</pose>
		<truncated>0</truncated>
		<difficult>0</difficult>
		<bndbox>
			<xmin>1492</xmin>
			<ymin>1112</ymin>
			<xmax>3112</xmax>
			<ymax>2352</ymax>
		</bndbox>
	</object>
</annotation>
